<?xml version='1.0' encoding='utf-8'?>
<!DOCTYPE hibernate-configuration PUBLIC
        "-//Hibernate/Hibernate Configuration DTD//EN"
        "http://www.hibernate.org/dtd/hibernate-configuration-3.0.dtd">
<hibernate-configuration>
    <session-factory>
        <property name="connection.url">
            jdbc:mysql://localhost:3306/e_and_e_service_center?createDatabaseIfNotExist=true
        </property>
        <property name="connection.driver_class">
            com.mysql.cj.jdbc.Driver
        </property>
        <property name="connection.username">root</property>
        <property name="connection.password">2001</property>
        <property name="dialect">org.hibernate.dialect.MySQL57Dialect</property>
        <property name="show_sql">true</property>

        <!-- DB schema will be updated if needed -->
        <property name="hibernate.hbm2ddl.auto">update</property>
    </session-factory>
</hibernate-configuration>